CallOutID,EmployeeID,RecognitionDate,RecognitionType,PointsAwarded,Comments
269,173,2024-03-22,Above and Beyond,10,Agent cover eye network when.
112,107,2023-11-02,Innovation,11,Audience measure thing later light leader bit.
185,186,2024-04-19,Teamwork,13,Still something include cause.
100,162,2023-12-18,Teamwork,14,Summer cut dream.
885,136,2023-09-14,Innovation,7,Church involve mention open.
935,150,2024-05-09,Teamwork,15,Clear oil great early soon.
546,108,2023-08-09,Innovation,5,Likely budget kitchen hundred.
441,199,2024-02-03,Innovation,11,Pressure anything read carry station.
813,115,2023-09-28,Innovation,12,Go stage south almost question pay.
419,114,2023-10-14,Innovation,12,Expert onto change pattern road toward majority.
81,171,2024-01-17,Teamwork,11,Writer add stock shake between base second.
331,188,2024-05-30,Innovation,14,Pretty likely specific sure much.
811,127,2023-09-02,Innovation,9,World already senior role turn.
70,152,2024-02-12,Teamwork,6,Item scientist will price.
97,144,2024-05-21,Innovation,14,Mission rule explain time.
771,173,2023-07-18,Above and Beyond,6,Gun support race operation.
629,106,2024-01-07,Above and Beyond,15,National laugh still you peace economic.
178,133,2023-10-21,Teamwork,5,Single owner community score threat claim this.
859,152,2024-06-01,Above and Beyond,12,Source campaign fact family beyond window.
36,185,2024-05-30,Teamwork,8,Cultural parent contain month mother most.
388,189,2023-07-26,Innovation,15,Stage majority cost risk support themselves money.
11,133,2024-02-05,Innovation,14,Sing section identify hear compare.
821,177,2024-02-09,Teamwork,15,Author leave blue sister dark past.
625,164,2023-12-28,Teamwork,7,Debate somebody lose.
215,107,2023-08-04,Innovation,6,Figure listen yet sound director.
240,119,2024-03-26,Teamwork,8,Different write ground center inside hit.
901,122,2024-04-15,Above and Beyond,6,Report past strong several fast.
581,126,2023-11-22,Innovation,11,Already Republican difference establish agency gas.
287,182,2023-10-17,Innovation,7,Leg enjoy top health deal glass.
423,114,2023-07-18,Teamwork,10,Education they will beyond let.
23,195,2023-08-27,Innovation,8,Successful face state nation drug admit.
253,122,2024-06-21,Innovation,13,Admit yet light create claim public sing audience.
229,197,2024-02-05,Teamwork,15,Hotel whom address parent sure.
957,110,2023-07-04,Teamwork,7,Their plant all.
144,185,2024-02-16,Above and Beyond,13,Rate line student science morning more.
939,197,2023-06-27,Teamwork,15,Hope alone free owner say all table.
964,158,2023-10-04,Innovation,14,Throughout main house across area.
584,141,2023-12-11,Innovation,7,Great catch discussion occur mother laugh strategy those.
112,200,2024-02-20,Teamwork,9,Wait especially role.
207,166,2023-12-14,Innovation,12,Assume realize today artist instead attorney.
451,103,2024-01-21,Above and Beyond,9,Image measure agreement.
792,186,2023-11-10,Above and Beyond,10,Player ever argue father shake.
277,189,2023-07-12,Innovation,8,Various cold policy not fast.
954,165,2023-07-19,Above and Beyond,15,Shoulder win second involve behavior girl.
764,101,2023-12-29,Teamwork,12,Until bank nor teach chair Republican special like.
362,162,2024-04-06,Above and Beyond,6,Through financial office always treat.
712,182,2024-01-08,Teamwork,5,Skin him including.
501,135,2024-03-11,Innovation,15,Especially either as leave education information keep finally.
326,147,2024-03-15,Teamwork,14,Strategy order key because relate when read.
296,181,2024-03-05,Innovation,10,Decision election particular.
36,166,2023-12-01,Innovation,15,Catch everything commercial shake girl side easy.
168,160,2024-02-11,Innovation,15,Edge various air detail.
257,120,2023-08-19,Innovation,7,Near away usually talk.
585,130,2024-01-01,Teamwork,5,Ability job money human per black like.
885,200,2023-10-07,Above and Beyond,9,Treatment out seek owner sport show push.
691,174,2023-10-21,Above and Beyond,14,Challenge professor night opportunity improve dog past.
77,146,2023-10-23,Above and Beyond,12,Although culture series maintain head.
39,119,2024-01-18,Teamwork,7,Conference significant green majority.
962,138,2023-08-21,Above and Beyond,9,Garden its raise there word candidate politics.
365,154,2023-11-29,Above and Beyond,13,Machine pretty reveal single.
656,133,2023-08-08,Teamwork,13,Director take degree.
834,147,2024-06-18,Above and Beyond,14,Support size may marriage.
861,115,2023-07-09,Teamwork,11,Heart inside control heart more if.
923,122,2024-01-13,Above and Beyond,10,Us team protect challenge.
836,115,2023-09-23,Above and Beyond,14,Believe body single.
70,193,2023-11-05,Innovation,10,Painting a everything political site.
497,146,2024-06-18,Innovation,13,Leader morning run source truth pretty song.
893,155,2023-07-06,Above and Beyond,15,Top difficult movement technology type.
107,107,2023-06-28,Above and Beyond,11,Usually official foot model third cup discuss.
244,173,2024-01-07,Innovation,9,Religious everything sing result room unit home.
663,163,2023-10-06,Innovation,10,Charge stage analysis way candidate near.
292,110,2024-06-03,Above and Beyond,11,Compare bad improve cold add concern theory.
30,187,2024-03-26,Teamwork,11,Girl effort nation fear suggest ground space table.
451,195,2024-03-25,Innovation,13,Week employee consumer population understand picture rest.
350,172,2023-09-06,Above and Beyond,8,Environment six game among.
867,104,2023-10-02,Innovation,9,Yeah share too media.
794,177,2023-10-30,Innovation,12,From star military mouth consider action.
341,105,2023-11-17,Above and Beyond,15,Candidate a that live reflect.
208,165,2023-09-20,Innovation,6,Or relationship visit successful total write foreign.
767,161,2023-11-10,Innovation,15,Scientist TV bit white.
632,140,2024-06-24,Above and Beyond,15,More now available whom level trade home item.
76,103,2024-06-20,Innovation,13,Despite cultural lot maybe.
262,124,2023-08-19,Innovation,12,Admit citizen help style.
282,161,2023-07-03,Above and Beyond,11,Nothing sure play toward store then.
215,140,2024-01-26,Innovation,11,Realize investment blood wish later.
981,114,2024-04-15,Teamwork,8,See herself structure fall personal son.
861,168,2024-04-08,Teamwork,15,Dinner protect human girl crime citizen buy reach.
839,148,2023-08-03,Teamwork,11,Billion risk standard level forward food nor friend.
945,119,2024-03-27,Teamwork,14,Then baby daughter forget where economic tend less.
44,109,2024-02-14,Innovation,9,Building adult member director along check.
879,133,2023-12-18,Innovation,14,Picture American director.
149,151,2024-03-20,Above and Beyond,14,Mention generation sea bag score page particular.
487,174,2024-03-09,Innovation,7,Task treatment wall per fact affect.
864,178,2023-09-10,Innovation,15,Bad become writer itself trade involve.
494,200,2023-08-01,Innovation,12,Analysis single rule performance ten decide.
125,124,2023-12-04,Above and Beyond,14,Situation Mr oil opportunity because.
879,195,2023-09-14,Teamwork,15,Prove only their energy.
657,195,2024-05-29,Teamwork,13,Indicate week worry recent value me choice.
612,123,2024-04-23,Teamwork,11,Represent place along movement employee process discussion itself.
615,103,2024-06-05,Teamwork,10,Born result use.
