TalentGuardID,EmployeeID,SkillID,SkillName,SkillLevel,DateAcquired,Comments
777,145,21,Java Programming,Beginner,2022-07-29,Paper language within.
464,152,95,Project Management,Advanced,2023-05-21,Manager step article ball job deep course.
464,124,94,Python Programming,Beginner,2023-11-22,Life draw plan miss single.
325,180,47,Data Analysis,Intermediate,2024-03-16,Religious edge make which record ball already policy.
968,179,29,Python Programming,Intermediate,2022-09-27,With business score fine focus camera mission.
144,145,47,Java Programming,Beginner,2022-10-18,Any employee service indicate under answer.
547,174,33,Python Programming,Intermediate,2022-07-12,Firm scientist personal.
106,134,6,Data Analysis,Beginner,2024-01-06,Expert raise hundred oil clear environmental break.
917,190,65,Data Analysis,Beginner,2024-05-27,Without wrong song official everybody.
762,126,4,Data Analysis,Advanced,2022-12-03,Alone hundred before yeah recognize people finish explain.
640,164,95,Python Programming,Intermediate,2023-02-11,Machine current rise religious once.
32,107,21,Project Management,Advanced,2022-09-20,It answer doctor world green represent no make.
97,130,76,Data Analysis,Advanced,2022-07-23,Nearly worry modern.
139,147,15,Project Management,Intermediate,2023-09-01,Offer section professor big you minute.
261,129,50,Data Analysis,Advanced,2024-05-30,Produce plant feeling analysis together.
561,183,37,Java Programming,Advanced,2022-08-03,Go country study question military party question.
151,191,75,Java Programming,Advanced,2023-06-22,Last such wonder yard.
938,200,99,Python Programming,Advanced,2023-05-21,Remain there two turn.
303,133,1,Java Programming,Intermediate,2022-10-12,Government professor down guess fight present.
291,125,49,Python Programming,Intermediate,2022-09-05,Every pick ago support example provide expect choose.
143,127,25,Data Analysis,Intermediate,2023-01-27,Series sing crime section western collection specific read.
235,158,96,Data Analysis,Beginner,2023-04-15,Again Republican rest play.
277,173,13,Project Management,Beginner,2024-01-24,Beautiful every not form energy those administration turn.
855,184,21,Java Programming,Advanced,2023-05-24,Dinner skill sound herself enjoy national.
777,143,11,Python Programming,Intermediate,2022-09-19,Weight great both name successful eye keep.
687,195,65,Java Programming,Advanced,2023-07-28,Population offer them.
39,133,31,Data Analysis,Beginner,2023-03-17,Car opportunity ten economy.
641,185,34,Data Analysis,Intermediate,2023-04-08,Improve up nothing house network.
102,184,12,Python Programming,Intermediate,2023-03-11,Compare off western goal.
43,162,42,Project Management,Beginner,2022-07-17,Play data PM wonder.
605,119,6,Python Programming,Beginner,2023-10-20,Wrong whatever despite lose list personal.
545,107,94,Java Programming,Beginner,2023-05-07,Today meeting pressure prepare.
896,136,13,Project Management,Intermediate,2024-02-09,Performance more fear call course.
49,166,61,Python Programming,Beginner,2022-09-19,Black later four charge return across.
834,142,1,Java Programming,Intermediate,2023-04-23,Pm wish back president those.
974,158,61,Python Programming,Advanced,2023-05-09,Prepare message each home particular meeting.
595,134,78,Project Management,Advanced,2023-07-20,Identify government war my adult half.
222,196,81,Data Analysis,Beginner,2022-10-20,Yard him leave behavior.
308,149,89,Project Management,Intermediate,2024-05-28,Either prepare whose food admit task court action.
905,189,78,Java Programming,Intermediate,2024-03-26,Leave top play performance.
854,129,95,Java Programming,Intermediate,2022-07-03,Follow majority term listen watch season.
564,133,29,Java Programming,Beginner,2024-03-09,Eight computer later get too.
919,144,95,Project Management,Advanced,2023-01-15,History outside themselves you why eye.
392,171,53,Project Management,Advanced,2023-02-17,Avoid effort hospital strategy rule method.
286,144,57,Python Programming,Beginner,2024-01-20,Onto start past happen capital sort little worker.
405,178,48,Project Management,Advanced,2024-02-20,Direction girl citizen by myself public.
431,129,82,Python Programming,Intermediate,2024-06-19,Care although class.
556,103,48,Project Management,Intermediate,2023-12-29,Which crime manage feeling.
968,176,60,Python Programming,Advanced,2022-08-26,Those never area whole without.
121,157,95,Data Analysis,Beginner,2023-06-08,Animal society show bag.
981,186,52,Java Programming,Intermediate,2022-09-25,Maintain language my exactly week.
193,130,20,Python Programming,Advanced,2024-02-22,Recent tell force ten set leave.
295,144,4,Project Management,Beginner,2022-11-19,Create name star Democrat.
406,117,73,Python Programming,Beginner,2022-11-26,Country government national statement early medical.
293,122,42,Python Programming,Intermediate,2023-05-06,Leave too provide such some.
342,158,46,Project Management,Beginner,2022-12-25,Hundred suffer or situation born level.
952,122,10,Data Analysis,Intermediate,2024-01-13,Vote act local shoulder door part.
321,134,21,Project Management,Intermediate,2022-10-14,Perform kitchen send personal message.
252,128,29,Python Programming,Intermediate,2023-02-26,Agent gun ten understand yeah.
959,187,23,Python Programming,Intermediate,2023-04-05,Lead long response paper prevent team my give.
142,168,64,Project Management,Intermediate,2023-01-13,Dinner thank stage plan admit letter standard.
854,108,17,Project Management,Advanced,2022-09-08,Crime pick argue account.
150,177,98,Project Management,Beginner,2023-03-03,Off hear create.
916,115,30,Data Analysis,Beginner,2024-01-16,Until owner strategy station life claim try speak.
163,161,11,Data Analysis,Beginner,2023-07-18,Free design short risk price build region.
687,159,36,Java Programming,Beginner,2022-10-29,Start need else finally drop move.
970,133,16,Java Programming,Intermediate,2023-11-27,Lawyer feeling blue lose radio employee marriage.
833,146,19,Data Analysis,Intermediate,2023-09-16,Anything unit large woman son message deep ahead.
954,102,15,Python Programming,Advanced,2023-12-07,Project play recognize detail might minute there.
605,150,94,Java Programming,Intermediate,2023-07-11,Small citizen end class development sit.
745,116,24,Data Analysis,Advanced,2023-06-06,For blue thing season discover rise.
5,176,90,Project Management,Beginner,2024-04-06,Boy often activity employee he writer discussion.
71,153,99,Project Management,Advanced,2022-06-27,Drug bad president arrive thought president.
874,174,52,Python Programming,Intermediate,2023-09-03,Traditional among almost bill expert democratic.
905,183,27,Project Management,Beginner,2022-07-03,Gun Republican see child business build.
442,196,13,Data Analysis,Intermediate,2023-06-18,To special success affect amount current star ready.
201,102,9,Project Management,Intermediate,2022-07-29,Site hard rather herself.
998,120,2,Python Programming,Beginner,2023-12-10,Allow analysis push theory field receive.
543,149,61,Project Management,Beginner,2024-02-16,Certainly piece little seek.
676,104,34,Project Management,Advanced,2023-01-29,Wear ask story your ready reduce toward.
29,131,13,Data Analysis,Beginner,2022-10-20,Lawyer from space plant activity hospital.
346,194,10,Data Analysis,Intermediate,2022-12-29,First factor different itself.
840,200,49,Java Programming,Advanced,2023-08-03,Allow mother upon already talk eye agency.
321,122,13,Project Management,Intermediate,2023-09-02,Difficult better between exist enter analysis.
430,141,3,Python Programming,Intermediate,2022-09-27,Attorney wrong send my single interest own.
846,115,12,Java Programming,Advanced,2023-08-08,Impact hit despite democratic.
393,147,48,Project Management,Advanced,2023-12-21,Enter myself seat pressure action wife.
872,117,61,Python Programming,Intermediate,2023-10-31,Finish authority floor perform place.
766,173,95,Data Analysis,Beginner,2023-09-02,Audience might less scientist bring.
342,114,8,Java Programming,Intermediate,2023-09-05,Marriage either senior seek sense term.
323,170,98,Python Programming,Intermediate,2023-10-04,Establish head check group trip into job hundred.
665,196,5,Python Programming,Advanced,2023-03-24,International your fill down far.
743,164,86,Python Programming,Beginner,2024-03-01,How good law happen capital story.
328,106,16,Python Programming,Intermediate,2022-07-15,Weight popular foot fact how least pick site.
500,199,60,Java Programming,Beginner,2023-01-08,Fine effort act yard address.
469,153,65,Python Programming,Advanced,2023-10-01,Of modern business quite picture buy.
509,200,82,Data Analysis,Beginner,2023-04-02,Subject standard mention wish church kind watch now.
323,128,45,Data Analysis,Advanced,2023-06-30,Fact agreement everyone test bed others.
907,192,80,Project Management,Intermediate,2023-06-11,Part answer between smile series popular who.
285,182,71,Python Programming,Advanced,2023-09-12,Red long between among.
